{
  "1": 1.0,
  "2": 1.0,
  "3": 1.0,
  "4": 1.0,
  "5": 1.0,
  "6": 1.0,
  "7": 1.0,
  "8": 1.0,
  "9": 1.0,
  "10": 0.9642857142857149,
  "11": 0.9640427599611273,
  "12": 0.955669414123413,
  "13": 0.95,
  "14": 0.946706388613042,
  "15": 0.9444444444444445,
  "16": 0.9444444444444445,
  "17": 0.9432176656151422,
  "18": 0.9311551925320884,
  "19": 0.9285714285714286,
  "20": 0.9285714285714285,
  "21": 0.9206008583690987,
  "22": 0.9166666666666669,
  "23": 0.9117647058823528,
  "24": 0.8949771689497716,
  "25": 0.8947368421052628,
  "26": 0.8910891089108909,
  "27": 0.8909090909090909,
  "28": 0.8889599317988064,
  "29": 0.8888888888888895,
  "30": 0.8888888888888887,
  "31": 0.8818800247371675,
  "32": 0.8780487804878048,
  "33": 0.862444334487877,
  "34": 0.8605577689243027,
  "35": 0.857142857142857,
  "36": 0.8549422336328629,
  "37": 0.8543689320388348,
  "38": 0.8516129032258064,
  "39": 0.8367133598160149,
  "40": 0.8333333333333333,
  "41": 0.833333333333333,
  "42": 0.8205128205128205,
  "43": 0.818181818181818,
  "44": 0.8076923076923076,
  "45": 0.8007213706041478,
  "46": 0.8000000000000002,
  "47": 0.8,
  "48": 0.7999999999999999,
  "49": 0.7955801104972375,
  "50": 0.7944444444444444,
  "51": 0.7900763358778627,
  "52": 0.78921568627451,
  "53": 0.785013380909902,
  "54": 0.7839388145315486,
  "55": 0.7804054054054056,
  "56": 0.7798165137614678,
  "57": 0.7777777777777777,
  "58": 0.772881355932203,
  "59": 0.7575757575757572,
  "60": 0.7567567567567568,
  "61": 0.7563025210084033,
  "62": 0.7557251908396948,
  "63": 0.75,
  "64": 0.75,
  "65": 0.7499999999999998,
  "66": 0.7499999999999996,
  "67": 0.7499999999999994,
  "68": 0.7428571428571429,
  "69": 0.7420494699646649,
  "70": 0.7415599534342259,
  "71": 0.7346938775510206,
  "72": 0.7346938775510204,
  "73": 0.7317880794701984,
  "74": 0.7228915662650602,
  "75": 0.7207792207792205,
  "76": 0.7200000000000006,
  "77": 0.715151515151515,
  "78": 0.7142857142857144,
  "79": 0.7142857142857139,
  "80": 0.7088607594936711,
  "81": 0.7058823529411763,
  "82": 0.7009523809523813,
  "83": 0.7000736919675755,
  "84": 0.6965174129353231,
  "85": 0.6923076923076922,
  "86": 0.689655172413793,
  "87": 0.685546875,
  "88": 0.6814903846153846,
  "89": 0.6744186046511628,
  "90": 0.6666666666666663,
  "91": 0.666666666666666,
  "92": 0.6641221374045799,
  "93": 0.6586826347305387,
  "94": 0.65015479876161,
  "95": 0.649350649350649,
  "96": 0.6464646464646461,
  "97": 0.6428571428571433,
  "98": 0.6315789473684206,
  "99": 0.6249999999999998,
  "100": 0.6249999999999997,
  "101": 0.6240550755939523,
  "102": 0.6097560975609765,
  "103": 0.6077048290830168,
  "104": 0.6071428571428569,
  "105": 0.6,
  "106": 0.6,
  "107": 0.5987572961777442,
  "108": 0.5982905982905982,
  "109": 0.5972222222222223,
  "110": 0.5964912280701754,
  "111": 0.5925925925925926,
  "112": 0.5833333333333336,
  "113": 0.5806451612903233,
  "114": 0.5714285714285715,
  "115": 0.5714285714285712,
  "116": 0.5633802816901403,
  "117": 0.5614035087719298,
  "118": 0.5555555555555551,
  "119": 0.5454545454545454,
  "120": 0.5454545454545454,
  "121": 0.5454545454545452,
  "122": 0.5223880597014924,
  "123": 0.5217391304347834,
  "124": 0.5217391304347825,
  "125": 0.521276595744681,
  "126": 0.5142857142857139,
  "127": 0.5047080979284368,
  "128": 0.5000000000000001,
  "129": 0.49999999999999983,
  "130": 0.4900990099009901,
  "131": 0.48611111111111116,
  "132": 0.4644084437898871,
  "133": 0.4313725490196081,
  "134": 0.42857142857142977,
  "135": 0.42857142857142855,
  "136": 0.4285714285714285,
  "137": 0.42647058823529427,
  "138": 0.4242424242424241,
  "139": 0.39999999999999986,
  "140": 0.37837837837837807,
  "141": 0.3733333333333333,
  "142": 0.3716814159292038,
  "143": 0.3414634146341463,
  "144": 0.33333333333333337,
  "145": 0.3333333333333333,
  "146": 0.33333333333333226,
  "147": 0.28571428571428575,
  "148": 0.2857142857142857,
  "149": 0.2777777777777776,
  "150": 0.26923076923076916,
  "151": 0.26160815402038506,
  "152": 0.22620266120777877,
  "153": 0.22222222222222232,
  "154": 0.21428571428571397,
  "155": 0.1517027863777091,
  "156": 0.12500000000000008,
  "157": 0.12138728323699427,
  "158": 0.11250000000000013,
  "159": 0.06936416184971089,
  "160": 0.0,
  "161": 0.0,
  "162": 0.0,
  "163": 0.0,
  "164": 0.0,
  "165": 0.0,
  "166": 0.0,
  "167": 0.0,
  "168": 0.0,
  "169": 0.0,
  "170": 0.0,
  "171": 0.0,
  "172": 0.0,
  "173": 0.0
}